Id,OrderId,ProductId,UnitPrice,Quantity,Discount
1,1,11,14,12,0
2,1,42,9.8,10,0
3,1,72,34.8,5,0
4,2,14,18.6,9,0
5,2,51,42.4,40,0
6,3,41,7.7,10,0
7,3,51,42.4,35,0.15
8,3,65,16.8,15,0.15
9,4,22,16.8,6,0.05
10,4,57,15.6,15,0.05
11,4,65,16.8,20,0
12,5,20,64.8,40,0.05
13,5,33,2,25,0.05
14,5,60,27.2,40,0
15,6,31,10,20,0
16,6,39,14.4,42,0
17,6,49,16,40,0
18,7,24,3.6,15,0.15
19,7,55,19.2,21,0.15
20,7,74,8,21,0
21,8,2,15.2,20,0
22,8,16,13.9,35,0
23,8,36,15.2,25,0
24,8,59,44,30,0
25,9,53,26.2,15,0
26,9,77,10.4,12,0
27,10,27,35.1,25,0
28,10,39,14.4,6,0
29,10,77,10.4,15,0
30,11,2,15.2,50,0.2
31,11,5,17,65,0.2
32,11,32,25.6,6,0.2
33,12,21,8,10,0
34,12,37,20.8,1,0
35,13,41,7.7,16,0.25
36,13,57,15.6,50,0
37,13,62,39.4,15,0.25
38,13,70,12,21,0.25
39,14,21,8,20,0
40,14,35,14.4,20,0
41,15,5,17,12,0.2
42,15,7,24,15,0
43,15,56,30.4,2,0
44,16,16,13.9,60,0.25
45,16,24,3.6,28,0
46,16,30,20.7,60,0.25
47,16,74,8,36,0.25
48,17,2,15.2,35,0
49,17,41,7.7,25,0.15
50,18,17,31.2,30,0
51,18,70,12,20,0
52,19,12,30.4,12,0.05
53,20,40,14.7,50,0
54,20,59,44,70,0.15
55,20,76,14.4,15,0.15
56,21,29,99,10,0
57,21,72,27.8,4,0
58,22,33,2,60,0.05
59,22,72,27.8,20,0.05
60,23,36,15.2,30,0
61,23,43,36.8,25,0
62,24,33,2,24,0
63,25,20,64.8,6,0
64,25,31,10,40,0
65,25,72,27.8,24,0
66,26,10,24.8,24,0.05
67,26,31,10,15,0.05
68,26,33,2,20,0
69,26,40,14.7,60,0.05
70,26,76,14.4,33,0.05
71,27,71,17.2,20,0
72,27,72,27.8,7,0
73,28,24,3.6,12,0.05
74,28,59,44,6,0.05
75,29,10,24.8,15,0
76,29,13,4.8,10,0
77,30,28,36.4,20,0
78,30,62,39.4,12,0
79,31,44,15.5,16,0
80,31,59,44,15,0
81,31,63,35.1,8,0
82,31,73,12,25,0
83,32,17,31.2,15,0.25
84,33,24,3.6,12,0
85,33,55,19.2,20,0
86,33,75,6.2,30,0
87,34,19,7.3,1,0
88,34,24,3.6,6,0
89,34,35,14.4,4,0
90,35,30,20.7,6,0
91,35,57,15.6,2,0
92,36,15,12.4,20,0
93,36,19,7.3,18,0
94,36,60,27.2,35,0
95,36,72,27.8,3,0
96,37,27,35.1,15,0.25
97,37,44,15.5,21,0
98,37,60,27.2,20,0.25
99,37,67,11.2,5,0.25
100,38,1,14.4,45,0.2
101,38,40,14.7,40,0.2
102,38,53,26.2,36,0.2
103,39,35,14.4,100,0
104,39,62,39.4,40,0
105,40,16,13.9,40,0.15
106,40,34,11.2,20,0
107,40,46,9.6,15,0.15
108,41,54,5.9,10,0.1
109,41,68,10,3,0.1
110,42,3,8,30,0
111,42,64,26.6,9,0
112,43,5,17,20,0
113,43,29,99,15,0
114,43,49,16,15,0
115,43,77,10.4,10,0
116,44,13,4.8,20,0.1
117,44,44,15.5,24,0.1
118,44,51,42.4,2,0.1
119,45,20,64.8,20,0
120,46,18,50,12,0
121,46,24,3.6,10,0
122,46,63,35.1,5,0
123,46,75,6.2,6,0
124,47,1,14.4,18,0
125,47,17,31.2,15,0
126,47,43,36.8,15,0
127,47,60,27.2,21,0
128,47,75,6.2,6,0
129,48,56,30.4,4,0
130,49,11,16.8,12,0
131,49,16,13.9,30,0
132,49,69,28.8,15,0
133,50,39,14.4,60,0
134,50,72,27.8,20,0
135,51,2,15.2,40,0
136,51,36,15.2,40,0.25
137,51,59,44,30,0.25
138,51,62,39.4,15,0
139,52,19,7.3,15,0
140,52,70,12,20,0
141,53,66,13.6,30,0
142,53,68,10,20,0
143,54,40,14.7,10,0
144,54,56,30.4,20,0
145,55,17,31.2,40,0
146,55,28,36.4,28,0
147,55,43,36.8,12,0
148,56,40,14.7,40,0.1
149,56,65,16.8,30,0.1
150,56,68,10,15,0.1
151,57,49,16,30,0
152,57,59,44,10,0
153,57,71,17.2,2,0
154,58,18,50,25,0.1
155,58,29,99,25,0.1
156,58,39,14.4,30,0.1
157,59,30,20.7,10,0
158,59,53,26.2,10,0
159,59,54,5.9,5,0
160,60,62,39.4,10,0
161,60,68,10,3,0
162,61,69,28.8,1,0
163,61,70,12,5,0
164,62,4,17.6,20,0
165,62,6,20,30,0
166,62,42,11.2,2,0
167,62,43,36.8,20,0
168,62,71,17.2,3,0
169,63,16,13.9,10,0
170,63,62,39.4,5,0
171,64,42,11.2,6,0
172,64,69,28.8,7,0
173,65,28,36.4,4,0
174,65,43,36.8,24,0
175,65,53,26.2,20,0
176,65,75,6.2,10,0
177,66,36,15.2,12,0
178,67,32,25.6,40,0.1
179,67,58,10.6,30,0.1
180,67,62,39.4,25,0.1
181,68,34,11.2,14,0
182,68,70,12,30,0
183,69,41,7.7,10,0
184,69,62,39.4,70,0
185,70,1,14.4,20,0
186,71,41,7.7,20,0
187,71,76,14.4,6,0
188,72,17,31.2,8,0
189,72,28,36.4,14,0
190,72,76,14.4,30,0
191,73,71,17.2,30,0
192,74,35,14.4,10,0
193,75,52,5.6,20,0
194,76,15,12.4,5,0
195,76,25,11.2,4,0
196,76,39,14.4,4,0
197,77,16,13.9,21,0.15
198,77,35,14.4,70,0.15
199,77,46,9.6,30,0
200,77,59,44,40,0.15
201,77,63,35.1,80,0.15
202,78,6,20,6,0
203,78,13,4.8,12,0
204,78,14,18.6,9,0
205,78,31,10,4,0
206,78,72,27.8,40,0
207,79,4,17.6,24,0
208,79,57,15.6,16,0
209,79,75,6.2,50,0
210,80,2,15.2,25,0.2
211,80,11,16.8,50,0.2
212,80,30,20.7,35,0.2
213,80,58,10.6,30,0.2
214,81,59,44,9,0
215,81,65,16.8,40,0
216,81,68,10,10,0
217,82,19,7.3,10,0.05
218,82,30,20.7,8,0.05
219,82,38,210.8,20,0.05
220,82,56,30.4,12,0.05
221,83,26,24.9,50,0.15
222,83,72,27.8,25,0.15
223,84,54,5.9,15,0
224,85,18,50,40,0.2
225,85,42,11.2,10,0.2
226,85,47,7.6,16,0.2
227,86,14,18.6,10,0
228,86,21,8,10,0.1
229,86,71,17.2,40,0.1
230,87,52,5.6,8,0
231,87,68,10,10,0
232,88,2,15.2,7,0.2
233,88,31,10,25,0.2
234,88,32,25.6,6,0.2
235,88,51,42.4,48,0.2
236,89,4,17.6,18,0.1
237,90,23,7.2,40,0
238,90,26,24.9,24,0
239,90,36,15.2,20,0
240,90,37,20.8,28,0
241,90,72,27.8,25,0
242,91,17,31.2,20,0
243,91,30,20.7,15,0
244,92,4,17.6,10,0
245,92,17,31.2,70,0.05
246,92,62,39.4,28,0
247,93,18,50,20,0.05
248,93,41,7.7,12,0.05
249,93,43,36.8,40,0.05
250,94,33,2,8,0
251,94,59,44,9,0.15
252,95,2,15.2,24,0.2
253,95,31,10,56,0.2
254,95,36,15.2,40,0.2
255,95,55,19.2,40,0.2
256,96,64,26.6,50,0
257,96,68,10,4,0.05
258,96,76,14.4,15,0
259,97,4,17.6,35,0
260,97,8,32,70,0.25
261,98,8,32,70,0
262,98,19,7.3,80,0
263,98,42,11.2,9,0
264,99,17,31.2,36,0.1
265,99,56,30.4,20,0
266,100,25,11.2,10,0
267,100,39,14.4,50,0.15
268,100,40,14.7,4,0
269,100,75,6.2,6,0.15
270,101,1,14.4,15,0.15
271,101,23,7.2,25,0
272,102,54,5.9,24,0
273,103,50,13,15,0.1
274,103,69,28.8,18,0.1
275,104,38,210.8,20,0.05
276,104,41,7.7,13,0
277,104,44,15.5,77,0.05
278,104,65,16.8,10,0.05
279,105,24,3.6,10,0
280,105,54,5.9,20,0.15
281,106,11,16.8,12,0.2
282,106,38,210.8,50,0.2
283,107,1,14.4,12,0
284,107,29,99,4,0
285,108,24,3.6,25,0
286,108,57,15.6,25,0
287,109,31,10,30,0
288,109,55,19.2,12,0
289,109,69,28.8,20,0
290,110,10,24.8,30,0.2
291,110,26,24.9,16,0
292,110,60,27.2,8,0.2
293,111,24,3.6,10,0.05
294,111,34,11.2,10,0.05
295,111,36,15.2,20,0.05
296,112,16,13.9,56,0.05
297,112,31,10,70,0.05
298,112,60,27.2,80,0.05
299,113,28,36.4,30,0
300,113,29,99,35,0
301,113,38,210.8,10,0
302,113,49,16,35,0
303,113,54,5.9,28,0
304,114,39,14.4,54,0.1
305,114,60,27.2,55,0.1
306,115,25,11.2,50,0
307,115,51,42.4,20,0
308,115,54,5.9,24,0
309,116,31,10,20,0
310,116,75,6.2,12,0
311,116,76,14.4,12,0
312,117,69,28.8,30,0
313,117,71,17.2,5,0
314,118,11,16.8,24,0
315,119,65,16.8,5,0
316,119,77,10.4,5,0
317,120,34,11.2,36,0
318,120,54,5.9,18,0
319,120,65,16.8,15,0
320,120,77,10.4,7,0
321,121,21,8,5,0.1
322,121,28,36.4,13,0.1
323,121,57,15.6,25,0
324,121,64,26.6,35,0.1
325,122,29,99,20,0
326,122,56,30.4,18,0.25
327,123,1,14.4,15,0.15
328,123,64,26.6,30,0
329,123,74,8,20,0.15
330,124,36,15.2,6,0.2
331,125,20,64.8,12,0.25
332,125,38,210.8,40,0.25
333,125,60,27.2,70,0.25
334,125,72,27.8,42,0.25
335,126,58,10.6,80,0.2
336,126,71,17.2,50,0.2
337,127,31,10,30,0
338,127,58,10.6,15,0
339,128,14,18.6,15,0
340,128,54,5.9,10,0
341,129,31,10,42,0.05
342,130,28,36.4,20,0.15
343,130,39,14.4,20,0.15
344,131,71,17.2,6,0
345,132,41,7.7,8,0.1
346,132,63,35.1,16,0.1
347,132,65,16.8,20,0.1
348,133,30,20.7,18,0.1
349,133,53,26.2,20,0.1
350,133,60,27.2,6,0.1
351,133,70,12,30,0
352,134,74,8,14,0
353,135,5,17,32,0
354,135,18,50,9,0
355,135,29,99,14,0
356,135,33,2,60,0
357,135,74,8,50,0
358,136,13,4.8,20,0
359,136,50,13,15,0
360,136,56,30.4,20,0
361,137,20,64.8,28,0
362,137,60,27.2,15,0
363,138,7,24,10,0.2
364,138,60,27.2,20,0.2
365,138,68,10,8,0.2
366,139,24,3.6,15,0
367,139,34,11.2,10,0
368,140,24,3.6,15,0
369,140,28,36.4,6,0
370,140,59,44,12,0
371,140,71,17.2,15,0
372,141,45,7.6,15,0.2
373,141,52,5.6,20,0.2
374,141,53,26.2,40,0
375,142,10,24.8,16,0
376,142,55,19.2,15,0
377,142,62,39.4,20,0
378,142,70,12,30,0
379,143,31,10,60,0.1
380,143,35,14.4,40,0.1
381,143,46,9.6,45,0
382,143,72,27.8,24,0.1
383,144,13,4.8,18,0
384,145,69,28.8,50,0
385,146,2,15.2,25,0.25
386,146,14,18.6,42,0.25
387,146,25,11.2,7,0.25
388,146,26,24.9,70,0.25
389,146,31,10,32,0
390,147,13,4.8,10,0
391,147,62,39.4,10,0
392,148,46,9.6,28,0.1
393,148,53,26.2,70,0.1
394,148,69,28.8,8,0
395,149,23,7.2,40,0
396,149,71,17.2,60,0
397,149,72,27.8,21,0
398,150,21,8,10,0.15
399,150,51,42.4,18,0.15
400,151,35,14.4,30,0
401,151,55,19.2,120,0.1
402,152,68,10,60,0
403,152,71,17.2,30,0
404,152,76,14.4,35,0
405,152,77,10.4,14,0
406,153,29,99,21,0
407,153,35,14.4,35,0
408,153,49,16,30,0
409,154,30,20.7,18,0
410,154,56,30.4,70,0
411,154,65,16.8,20,0
412,154,71,17.2,60,0
413,155,23,7.2,60,0
414,155,63,35.1,65,0
415,156,16,13.9,21,0.15
416,156,48,10.2,70,0.15
417,157,26,24.9,30,0.05
418,157,42,11.2,40,0.05
419,157,49,16,30,0.05
420,158,3,8,50,0
421,159,1,14.4,10,0
422,159,21,8,30,0.1
423,159,28,36.4,42,0.1
424,159,36,15.2,5,0.1
425,159,40,14.7,2,0.1
426,160,11,16.8,30,0
427,160,69,28.8,15,0
428,160,71,17.2,15,0
429,161,37,20.8,10,0
430,161,54,5.9,6,0
431,161,62,39.4,35,0
432,162,14,18.6,12,0
433,162,21,8,12,0
434,163,33,2,49,0
435,163,59,44,16,0
436,164,41,7.7,25,0.2
437,164,44,15.5,40,0.2
438,164,59,44,9,0.2
439,165,14,18.6,20,0.1
440,166,1,14.4,24,0
441,166,62,39.4,40,0
442,166,76,14.4,14,0
443,167,19,7.3,18,0.05
444,167,33,2,50,0
445,168,17,31.2,2,0
446,168,33,2,20,0
447,169,19,7.3,20,0
448,169,53,26.2,10,0
449,169,57,15.6,20,0
450,170,38,210.8,50,0
451,170,46,9.6,2,0.25
452,170,68,10,36,0.25
453,170,77,10.4,35,0
454,171,2,15.2,60,0
455,171,47,7.6,55,0
456,171,61,22.8,16,0
457,171,74,8,15,0
458,172,60,27.2,60,0.05
459,172,69,28.8,20,0.05
460,173,9,77.6,20,0.1
461,173,13,4.8,2,0.1
462,173,70,12,8,0.1
463,173,73,12,20,0.1
464,174,19,7.3,4,0.15
465,174,26,24.9,30,0
466,174,53,26.2,15,0.15
467,174,77,10.4,10,0.15
468,175,26,24.9,2,0
469,176,31,10,14,0
470,176,59,44,20,0
471,177,35,14.4,60,0.2
472,177,38,210.8,49,0.2
473,177,68,10,30,0.2
474,178,55,19.2,10,0.25
475,178,76,14.4,20,0.25
476,179,56,30.4,5,0
477,179,64,26.6,7,0
478,180,14,18.6,35,0
479,181,46,9.6,20,0
480,182,50,13,40,0
481,182,63,35.1,35,0.25
482,183,17,31.2,45,0.2
483,183,21,8,50,0
484,183,56,30.4,30,0
485,183,59,44,70,0.2
486,184,17,31.2,50,0.25
487,184,40,14.7,50,0.25
488,184,47,7.6,30,0.25
489,185,26,24.9,10,0
490,185,54,5.9,40,0
491,186,56,30.4,28,0
492,187,11,16.8,6,0
493,187,76,14.4,18,0.15
494,188,2,15.2,10,0
495,188,22,16.8,12,0
496,188,72,27.8,10,0
497,189,46,9.6,5,0
498,189,56,30.4,40,0.1
499,189,64,26.6,30,0.1
500,189,75,6.2,24,0.1
501,190,53,26.2,15,0
502,191,19,7.3,15,0.2
503,191,34,11.2,20,0.2
504,191,57,15.6,15,0.2
505,192,12,30.4,15,0
506,192,16,13.9,16,0
507,192,64,26.6,6,0
508,192,74,8,30,0
509,193,2,15.2,45,0.15
510,193,16,13.9,49,0.15
511,193,29,99,24,0.15
512,193,61,22.8,90,0.15
513,194,27,35.1,50,0
514,195,11,16.8,30,0
515,195,54,5.9,80,0
516,195,66,13.6,60,0
517,196,11,16.8,6,0.2
518,196,28,36.4,12,0
519,197,17,31.2,10,0
520,197,26,24.9,15,0
521,197,35,14.4,8,0
522,197,41,7.7,30,0
523,198,39,14.4,6,0
524,198,54,5.9,15,0
525,199,19,7.3,12,0.1
526,199,24,3.6,20,0.1
527,199,31,10,3,0.1
528,199,52,5.6,15,0.1
529,200,19,7.3,40,0
530,200,65,16.8,35,0
531,200,71,17.2,2,0
532,201,26,24.9,6,0
533,201,40,14.7,20,0
534,202,10,24.8,14,0
535,202,52,5.6,20,0
536,202,62,39.4,35,0
537,203,10,24.8,20,0.2
538,203,54,5.9,6,0.2
539,204,55,19.2,120,0.1
540,204,64,26.6,35,0.1
541,204,65,16.8,28,0.1
542,204,77,10.4,55,0.1
543,205,28,36.4,15,0
544,205,44,15.5,100,0.05
545,206,48,10.2,15,0.1
546,206,70,12,25,0.1
547,207,16,13.9,20,0.2
548,207,33,2,20,0.2
549,207,46,9.6,10,0.2
550,208,39,14.4,20,0
551,208,53,26.2,50,0
552,208,61,22.8,25,0
553,208,71,17.2,30,0
554,209,21,8,40,0.15
555,209,49,16,21,0.15
556,210,59,44,36,0
557,211,26,24.9,30,0
558,211,28,36.4,30,0
559,211,43,36.8,20,0
560,211,56,30.4,15,0
561,211,71,17.2,50,0
562,212,7,24,16,0.05
563,212,46,9.6,20,0.05
564,212,72,27.8,40,0
565,213,68,10,21,0.25
566,213,75,6.2,4,0.25
567,214,21,8,40,0.25
568,214,30,20.7,28,0.25
569,214,55,19.2,60,0.25
570,215,13,4.8,1,0
571,215,23,7.2,21,0
572,216,19,7.3,21,0
573,216,42,11.2,50,0
574,217,4,17.6,16,0.2
575,217,43,36.8,3,0
576,217,56,30.4,30,0.2
577,217,60,27.2,20,0
578,218,24,3.6,25,0
579,218,29,99,18,0.1
580,218,40,14.7,20,0
581,218,45,7.6,30,0.1
582,218,50,13,25,0
583,219,11,16.8,10,0
584,219,46,9.6,5,0
585,220,24,3.6,28,0
586,220,25,11.2,12,0
587,221,30,20.7,8,0
588,221,43,36.8,15,0
589,222,2,15.2,40,0.15
590,222,16,13.9,35,0.15
591,222,44,15.5,2,0.15
592,223,18,50,30,0
593,223,23,7.2,15,0
594,223,64,26.6,8,0
595,224,7,24,30,0
596,224,56,30.4,20,0
597,225,24,3.6,80,0.05
598,225,51,42.4,18,0
599,226,33,2,12,0
600,226,71,17.2,12,0
601,227,14,18.6,12,0
602,227,28,36.4,18,0
603,227,40,14.7,21,0
604,227,75,6.2,10,0
605,228,31,10,35,0.15
606,228,66,13.6,60,0.15
607,228,76,14.4,42,0.15
608,229,55,19.2,2,0.05
609,229,70,12,12,0
610,230,1,14.4,15,0
611,230,21,8,21,0.25
612,230,39,14.4,20,0.25
613,231,10,24.8,20,0.05
614,232,38,210.8,30,0
615,232,53,26.2,28,0
616,232,59,44,60,0
617,232,64,26.6,30,0
618,233,47,7.6,30,0
619,233,59,44,12,0
620,234,49,16,24,0
621,234,60,27.2,40,0
622,235,40,14.7,10,0
623,236,34,11.2,35,0.05
624,236,77,10.4,30,0.05
625,237,21,8,14,0
626,237,40,14.7,10,0
627,237,51,42.4,3,0
628,238,2,15.2,20,0.1
629,238,3,8,20,0.1
630,238,55,19.2,30,0.1
631,238,70,12,60,0.1
632,239,11,16.8,5,0
633,239,51,42.4,25,0
634,239,74,8,16,0
635,240,19,7.3,5,0
636,240,26,24.9,30,0
637,240,54,5.9,24,0.25
638,241,59,44,30,0
639,241,73,12,20,0.2
640,242,11,16.8,15,0.25
641,242,16,13.9,18,0
642,243,59,44,60,0
643,243,68,10,30,0
644,243,75,6.2,36,0
645,244,44,15.5,15,0.15
646,244,77,10.4,7,0.15
647,245,25,11.2,60,0.05
648,245,42,11.2,20,0.05
649,246,65,16.8,15,0.1
650,246,66,13.6,10,0.1
651,246,69,28.8,10,0.1
652,247,56,30.4,30,0
653,248,23,7.2,10,0
654,248,41,7.7,20,0
655,248,77,10.4,5,0
656,249,31,10,20,0.05
657,250,56,30.4,14,0
658,250,72,27.8,25,0
659,250,77,10.4,25,0
660,251,24,4.5,14,0
661,251,40,18.4,5,0
662,251,42,14,30,0
663,252,28,45.6,20,0
664,252,49,20,25,0
665,253,15,15.5,12,0.05
666,253,28,45.6,8,0.05
667,254,54,7.45,20,0
668,255,45,9.5,21,0
669,255,53,32.8,6,0
670,255,67,14,30,0
671,256,14,23.25,70,0
672,256,65,21.05,20,0
673,257,2,19,12,0
674,257,21,10,12,0
675,257,53,32.8,10,0
676,257,61,28.5,25,0
677,258,62,49.3,3,0
678,259,25,14,18,0.1
679,259,70,15,14,0.1
680,260,43,46,15,0.15
681,260,48,12.75,15,0.15
682,261,13,6,10,0
683,261,39,18,10,0
684,262,28,45.6,3,0
685,263,29,123.79,36,0
686,263,75,7.75,36,0.1
687,264,4,22,50,0.15
688,264,7,30,50,0.15
689,264,8,40,10,0.15
690,265,24,4.5,10,0.15
691,265,46,12,9,0.15
692,265,47,9.5,6,0.15
693,265,60,34,12,0.15
694,266,21,10,40,0.2
695,266,32,32,50,0.2
696,266,61,28.5,15,0.2
697,267,20,81,39,0
698,267,28,45.6,35,0
699,267,56,38,70,0
700,267,65,21.05,39,0
701,267,75,7.75,50,0
702,268,9,97,16,0.15
703,268,16,17.45,50,0
704,268,27,43.9,120,0
705,268,33,2.5,16,0.15
706,268,60,34,84,0.15
707,269,18,62.5,25,0.1
708,269,41,9.65,80,0.1
709,269,42,14,20,0
710,270,52,7,6,0
711,270,59,55,4,0
712,270,70,15,6,0
713,271,24,4.5,5,0
714,271,38,263.5,15,0
715,271,44,19.45,9,0
716,272,10,31,16,0.05
717,272,56,38,40,0
718,272,60,34,10,0.05
719,273,24,4.5,8,0
720,273,53,32.8,5,0
721,274,35,18,3,0
722,274,41,9.65,10,0
723,274,68,12.5,6,0
724,275,1,18,40,0.2
725,275,8,40,24,0
726,275,30,25.89,20,0.2
727,275,40,18.4,25,0.2
728,276,17,39,25,0.1
729,276,20,81,15,0.1
730,276,37,26,18,0.1
731,276,41,9.65,6,0.1
732,277,10,31,2,0
733,277,30,25.89,10,0
734,277,43,46,60,0
735,277,54,7.45,15,0
736,278,36,19,30,0
737,278,40,18.4,15,0.1
738,279,1,18,8,0.15
739,279,13,6,10,0
740,279,56,38,30,0.15
741,280,4,22,50,0.1
742,280,36,19,30,0.1
743,281,11,21,3,0
744,281,33,2.5,8,0.2
745,281,72,34.8,9,0
746,282,55,24,14,0
747,282,68,12.5,20,0
748,282,69,36,10,0
749,283,17,39,40,0
750,283,43,46,25,0
751,283,61,28.5,20,0
752,283,76,18,50,0
753,284,59,55,2,0
754,285,30,25.89,15,0
755,285,66,17,24,0
756,286,4,22,50,0.05
757,286,72,34.8,24,0
758,286,73,15,24,0.05
759,287,30,25.89,10,0
760,287,40,18.4,10,0.2
761,287,54,7.45,10,0.2
762,288,11,21,50,0.1
763,288,40,18.4,10,0.1
764,288,57,19.5,5,0.1
765,288,59,55,15,0.1
766,289,12,38,15,0.25
767,289,31,12.5,20,0
768,289,33,2.5,30,0
769,289,60,34,35,0.25
770,290,31,12.5,30,0
771,290,51,53,6,0
772,290,58,13.25,20,0
773,290,72,34.8,21,0
774,290,73,15,9,0
775,291,70,15,7,0
776,291,72,34.8,1,0
777,292,13,6,8,0
778,292,21,10,15,0
779,292,33,2.5,15,0
780,292,49,20,6,0
781,293,3,10,60,0
782,293,26,31.23,40,0
783,293,38,263.5,30,0
784,293,68,12.5,35,0
785,294,24,4.5,35,0.1
786,294,38,263.5,4,0.1
787,294,65,21.05,36,0.1
788,294,71,21.5,9,0.1
789,295,11,21,15,0.05
790,295,54,7.45,24,0.05
791,296,12,38,30,0.15
792,296,23,9,70,0.15
793,297,28,45.6,7,0
794,297,67,14,7,0
795,298,11,21,10,0
796,299,7,30,10,0
797,299,35,18,30,0
798,299,62,49.3,40,0
799,300,32,32,24,0.15
800,300,36,19,60,0
801,301,34,14,10,0.25
802,301,41,9.65,14,0
803,302,31,12.5,55,0.15
804,302,45,9.5,100,0.15
805,302,51,53,48,0.15
806,303,17,39,8,0.1
807,303,19,9.2,10,0
808,303,21,10,6,0.1
809,303,61,28.5,10,0.1
810,304,16,17.45,40,0.15
811,304,35,18,20,0.15
812,304,44,19.45,40,0
813,305,69,36,18,0
814,305,75,7.75,30,0
815,306,11,21,15,0
816,306,16,17.45,14,0
817,306,22,21,24,0
818,306,31,12.5,30,0
819,306,35,18,6,0
820,307,16,17.45,30,0.05
821,307,23,9,20,0.05
822,307,62,49.3,20,0.05
823,307,77,13,10,0.05
824,308,14,23.25,30,0.2
825,308,19,9.2,35,0.2
826,308,24,4.5,18,0.2
827,308,51,53,20,0.2
828,308,56,38,40,0.2
829,309,72,34.8,24,0
830,310,64,33.25,30,0
831,310,75,7.75,20,0
832,311,47,9.5,25,0
833,311,51,53,20,0
834,311,52,7,30,0
835,311,53,32.8,18,0
836,311,73,15,3,0
837,312,41,9.65,12,0.05
838,312,55,24,18,0.05
839,313,30,25.89,20,0
840,313,62,49.3,15,0.25
841,314,44,19.45,10,0
842,314,51,53,50,0
843,315,33,2.5,20,0.1
844,315,62,49.3,10,0.1
845,316,36,19,25,0
846,316,52,7,70,0
847,317,17,39,16,0.05
848,317,31,12.5,6,0.05
849,317,55,24,25,0.05
850,318,24,4.5,25,0.1
851,318,64,33.25,18,0.1
852,319,11,21,35,0.15
853,319,18,62.5,18,0.15
854,319,76,18,10,0
855,320,31,12.5,60,0.2
856,320,51,53,3,0
857,320,59,55,40,0.2
858,321,10,31,5,0
859,322,31,12.5,35,0.2
860,322,76,18,30,0
861,323,11,21,15,0.05
862,323,56,38,60,0.05
863,324,14,23.25,11,0.15
864,324,42,14,28,0.15
865,325,16,17.45,12,0.1
866,325,32,32,10,0.1
867,325,40,18.4,50,0
868,325,75,7.75,15,0.1
869,326,17,39,18,0
870,326,34,14,40,0
871,326,53,32.8,25,0
872,327,33,2.5,14,0
873,327,40,18.4,2,0
874,327,62,49.3,10,0
875,327,64,33.25,6,0
876,328,59,55,12,0
877,328,63,43.9,6,0
878,328,72,34.8,30,0
879,328,76,18,10,0
880,329,1,18,10,0
881,329,31,12.5,20,0
882,329,44,19.45,21,0
883,330,39,18,10,0
884,330,75,7.75,20,0
885,330,77,13,18,0
886,331,35,18,20,0
887,331,57,19.5,6,0
888,332,15,15.5,10,0
889,332,75,7.75,21,0
890,333,14,23.25,15,0.05
891,333,41,9.65,9,0.05
892,333,65,21.05,30,0.05
893,334,75,7.75,50,0.2
894,335,57,19.5,4,0
895,335,76,18,14,0
896,336,29,123.79,10,0
897,336,60,34,24,0.15
898,336,69,36,10,0.15
899,337,31,12.5,50,0.05
900,338,47,9.5,15,0
901,339,52,7,4,0.15
902,340,26,31.23,6,0
903,340,35,18,20,0
904,340,77,13,20,0
905,341,18,62.5,40,0.2
906,341,42,14,100,0.2
907,342,35,18,4,0
908,343,1,18,20,0
909,343,77,13,60,0.05
910,344,3,10,14,0
911,344,7,30,10,0
912,344,54,7.45,50,0
913,345,15,15.5,25,0.05
914,345,26,31.23,5,0.05
915,346,20,81,21,0.2
916,346,69,36,20,0.2
917,346,76,18,4,0.2
918,347,52,7,24,0
919,347,58,13.25,30,0
920,348,35,18,30,0.25
921,348,61,28.5,120,0.25
922,348,69,36,65,0.25
923,349,56,38,5,0.2
924,349,63,43.9,24,0.2
925,349,75,7.75,30,0.2
926,350,24,4.5,35,0.2
927,350,57,19.5,20,0
928,350,65,21.05,12,0.2
929,351,27,43.9,50,0
930,351,71,21.5,9,0
931,352,62,49.3,10,0
932,353,54,7.45,4,0
933,353,73,15,30,0
934,354,13,6,60,0
935,354,59,55,35,0
936,355,77,13,5,0.25
937,356,22,21,48,0
938,356,49,20,25,0.05
939,357,48,12.75,6,0.1
940,357,76,18,10,0.1
941,358,16,17.45,30,0.05
942,358,59,55,20,0.05
943,358,60,34,70,0.05
944,358,71,21.5,15,0.05
945,359,4,22,20,0.2
946,359,55,24,20,0.2
947,359,62,49.3,10,0.2
948,360,7,30,45,0
949,360,17,39,100,0
950,360,33,2.5,14,0
951,360,40,18.4,42,0
952,360,72,34.8,12,0
953,361,56,38,28,0
954,362,1,18,3,0
955,362,10,31,10,0
956,362,21,10,6,0
957,363,36,19,21,0.25
958,364,1,18,6,0
959,364,2,19,10,0
960,364,60,34,15,0
961,365,10,31,70,0
962,365,36,19,55,0
963,365,49,20,18,0
964,365,60,34,40,0
965,365,76,18,80,0
966,366,13,6,8,0.1
967,366,75,7.75,40,0
968,367,11,21,14,0
969,367,21,10,8,0
970,367,39,18,5,0
971,368,55,24,5,0
972,369,38,263.5,15,0.05
973,369,56,38,14,0
974,369,70,15,15,0.05
975,369,71,21.5,15,0.05
976,370,59,55,30,0.15
977,371,6,25,70,0
978,371,56,38,20,0
979,371,68,12.5,15,0
980,372,21,10,42,0
981,372,22,21,40,0
982,373,24,4.5,5,0
983,373,52,7,5,0
984,374,19,9.2,5,0
985,374,23,9,10,0
986,374,70,15,20,0
987,374,71,21.5,15,0
988,375,2,19,20,0
989,375,68,12.5,18,0.2
990,376,14,23.25,21,0
991,376,19,9.2,15,0.1
992,376,21,10,25,0.1
993,376,24,4.5,3,0
994,376,35,18,30,0.1
995,377,28,45.6,10,0
996,377,29,123.79,6,0
997,377,44,19.45,10,0
998,378,14,23.25,3,0
999,378,42,14,5,0
1000,378,60,34,10,0
1001,379,53,32.8,12,0
1002,379,60,34,20,0
1003,379,71,21.5,20,0
1004,380,62,49.3,15,0
1005,380,73,15,35,0.15
1006,381,1,18,25,0
1007,382,29,123.79,20,0
1008,382,64,33.25,9,0
1009,383,55,24,12,0.05
1010,383,76,18,35,0
1011,384,75,7.75,8,0.1
1012,385,2,19,30,0.05
1013,385,33,2.5,20,0.05
1014,386,12,38,36,0.15
1015,386,13,6,13,0.15
1016,386,26,31.23,35,0.15
1017,386,62,49.3,80,0.15
1018,387,7,30,35,0
1019,387,18,62.5,50,0
1020,387,51,53,15,0
1021,387,75,7.75,2,0
1022,388,4,22,10,0.1
1023,388,5,21.35,15,0.1
1024,388,22,21,40,0
1025,389,4,22,25,0
1026,389,58,13.25,6,0
1027,390,11,21,10,0
1028,390,50,16.25,25,0.05
1029,390,56,38,60,0.05
1030,391,45,9.5,20,0
1031,391,65,21.05,21,0
1032,391,72,34.8,60,0
1033,392,18,62.5,8,0
1034,393,69,36,20,0.25
1035,393,70,15,15,0.25
1036,394,2,19,50,0
1037,394,40,18.4,60,0
1038,395,21,10,30,0.2
1039,395,61,28.5,20,0.2
1040,396,28,45.6,15,0.25
1041,396,39,18,21,0.25
1042,396,46,12,2,0.25
1043,397,18,62.5,4,0.1
1044,397,43,46,20,0
1045,397,46,12,21,0.1
1046,398,18,62.5,20,0
1047,398,36,19,15,0
1048,399,1,18,15,0.25
1049,399,10,31,18,0.25
1050,399,71,21.5,30,0.25
1051,399,77,13,35,0.25
1052,400,19,9.2,30,0
1053,400,39,18,20,0
1054,401,22,21,15,0
1055,401,24,4.5,15,0.15
1056,402,28,45.6,20,0
1057,402,72,34.8,15,0
1058,403,30,25.89,30,0
1059,403,53,32.8,25,0.05
1060,403,54,7.45,30,0
1061,404,19,9.2,12,0.25
1062,404,22,21,20,0.25
1063,405,30,25.89,2,0.25
1064,405,42,14,20,0
1065,406,16,17.45,30,0.1
1066,406,60,34,20,0.1
1067,407,4,22,12,0.1
1068,407,39,18,20,0.1
1069,407,54,7.45,6,0.1
1070,408,41,9.65,20,0.2
1071,409,14,23.25,3,0.1
1072,409,44,19.45,28,0.1
1073,409,47,9.5,6,0.1
1074,410,15,15.5,50,0
1075,410,41,9.65,24,0
1076,410,46,12,45,0
1077,410,47,9.5,10,0
1078,410,56,38,45,0
1079,410,60,34,30,0
1080,411,21,10,60,0
1081,411,40,18.4,70,0.05
1082,411,60,34,55,0.05
1083,411,77,13,70,0.05
1084,412,31,12.5,20,0.05
1085,412,40,18.4,24,0.05
1086,412,70,15,40,0.05
1087,413,20,81,21,0
1088,414,39,18,3,0.2
1089,414,58,13.25,49,0.2
1090,415,68,12.5,10,0
1091,416,40,18.4,30,0.05
1092,416,42,14,30,0.05
1093,416,51,53,20,0.05
1094,417,10,31,24,0.15
1095,417,56,38,12,0.15
1096,417,65,21.05,15,0.15
1097,418,51,53,20,0
1098,418,59,55,1,0
1099,418,76,18,10,0
1100,419,29,123.79,36,0
1101,419,65,21.05,10,0
1102,420,69,36,45,0.2
1103,420,71,21.5,14,0.2
1104,421,31,12.5,8,0.1
1105,421,55,24,4,0.1
1106,421,64,33.25,15,0.1
1107,422,36,19,30,0
1108,423,23,9,32,0
1109,423,46,12,60,0
1110,423,67,14,25,0
1111,423,73,15,50,0
1112,423,75,7.75,25,0
1113,424,16,17.45,10,0
1114,424,62,49.3,10,0
1115,424,65,21.05,12,0
1116,425,38,263.5,15,0.1
1117,425,71,21.5,12,0
1118,426,16,17.45,3,0
1119,426,42,14,6,0
1120,426,43,46,6,0
1121,427,23,9,5,0
1122,428,14,23.25,30,0
1123,428,53,32.8,10,0
1124,428,58,13.25,30,0
1125,429,10,31,2,0
1126,429,19,9.2,7,0
1127,429,44,19.45,21,0
1128,430,26,31.23,30,0.15
1129,430,33,2.5,8,0.15
1130,431,12,38,100,0
1131,431,33,2.5,30,0
1132,431,41,9.65,120,0
1133,431,54,7.45,30,0
1134,432,59,55,12,0
1135,433,16,17.45,50,0.25
1136,433,31,12.5,20,0.25
1137,433,42,14,40,0.25
1138,434,19,9.2,30,0.1
1139,434,21,10,12,0.1
1140,434,64,33.25,28,0
1141,435,33,2.5,30,0
1142,435,66,17,4,0
1143,435,75,7.75,30,0
1144,436,52,7,9,0
1145,437,40,18.4,20,0
1146,437,47,9.5,40,0
1147,437,60,34,30,0
1148,438,10,31,20,0
1149,438,41,9.65,4,0
1150,438,47,9.5,15,0
1151,439,17,39,30,0.2
1152,439,26,31.23,15,0
1153,440,9,97,50,0.25
1154,440,29,123.79,10,0
1155,440,36,19,6,0.25
1156,441,10,31,18,0.1
1157,441,28,45.6,60,0.1
1158,441,34,14,14,0
1159,442,1,18,35,0.25
1160,443,56,38,20,0.25
1161,443,77,13,30,0.25
1162,444,1,18,30,0
1163,444,29,123.79,40,0
1164,444,43,46,40,0
1165,444,44,19.45,24,0
1166,444,62,49.3,48,0
1167,445,63,43.9,20,0
1168,446,9,97,6,0
1169,446,54,7.45,60,0.15
1170,446,69,36,30,0.15
1171,446,73,15,15,0.15
1172,447,7,30,90,0
1173,447,59,55,25,0
1174,447,70,15,50,0
1175,448,8,40,10,0
1176,448,12,38,4,0
1177,448,24,4.5,20,0
1178,449,17,39,20,0
1179,449,46,12,18,0
1180,450,19,9.2,7,0.25
1181,450,35,18,9,0.25
1182,450,58,13.25,30,0.25
1183,450,70,15,30,0.25
1184,451,11,21,15,0
1185,451,17,39,8,0.05
1186,451,29,123.79,12,0.05
1187,451,65,21.05,65,0.05
1188,451,70,15,8,0.05
1189,452,47,9.5,12,0
1190,453,1,18,5,0.2
1191,453,34,14,12,0.2
1192,453,68,12.5,40,0.2
1193,453,71,21.5,60,0.2
1194,454,59,55,42,0.15
1195,454,71,21.5,20,0.15
1196,454,76,18,35,0.15
1197,455,3,10,6,0
1198,455,76,18,15,0
1199,456,2,19,5,0
1200,456,59,55,35,0
1201,456,73,15,35,0
1202,457,4,22,6,0
1203,457,24,4.5,35,0
1204,457,48,12.75,24,0
1205,458,31,12.5,20,0
1206,458,32,32,4,0
1207,459,16,17.45,20,0
1208,459,43,46,24,0
1209,459,59,55,8,0
1210,460,55,24,21,0
1211,460,57,19.5,40,0
1212,460,70,15,28,0.15
1213,461,5,21.35,4,0
1214,461,36,19,5,0
1215,462,8,40,40,0
1216,462,51,53,28,0
1217,462,60,34,10,0
1218,463,19,9.2,5,0
1219,463,47,9.5,5,0
1220,464,19,9.2,12,0
1221,464,41,9.65,42,0
1222,464,53,32.8,120,0
1223,465,53,32.8,3,0.05
1224,465,56,38,30,0
1225,466,10,31,18,0
1226,466,26,31.23,30,0
1227,466,45,9.5,110,0
1228,466,46,12,24,0
1229,467,2,19,30,0.25
1230,467,17,39,27,0.25
1231,467,47,9.5,50,0.25
1232,467,56,38,18,0.25
1233,467,58,13.25,12,0.25
1234,468,10,31,21,0
1235,468,71,21.5,30,0
1236,469,21,10,5,0
1237,469,51,53,7,0
1238,469,61,28.5,10,0
1239,470,21,10,32,0.05
1240,470,54,7.45,15,0
1241,470,69,36,25,0.05
1242,471,12,38,36,0
1243,471,16,17.45,20,0
1244,471,36,19,40,0
1245,471,62,49.3,20,0
1246,472,18,62.5,12,0.25
1247,472,30,25.89,3,0.25
1248,472,54,7.45,40,0.25
1249,473,35,18,21,0
1250,473,71,21.5,8,0
1251,474,44,19.45,50,0.05
1252,475,2,19,3,0
1253,475,31,12.5,50,0
1254,475,68,12.5,45,0
1255,475,75,7.75,42,0
1256,476,26,31.23,15,0
1257,477,10,31,16,0
1258,477,61,28.5,5,0
1259,478,41,9.65,12,0
1260,478,52,7,4,0
1261,478,55,24,6,0
1262,479,4,22,25,0
1263,479,11,21,5,0
1264,480,17,39,20,0.05
1265,480,56,38,10,0.05
1266,480,59,55,10,0.05
1267,481,30,25.89,15,0
1268,481,40,18.4,6,0
1269,481,55,24,12,0
1270,481,60,34,15,0
1271,482,1,18,50,0
1272,482,21,10,30,0
1273,482,50,16.25,40,0
1274,483,16,17.45,15,0.05
1275,483,31,12.5,3,0.05
1276,483,65,21.05,10,0.05
1277,484,21,10,40,0.05
1278,484,51,53,30,0.05
1279,485,76,18,20,0
1280,486,14,23.25,16,0
1281,486,28,45.6,20,0
1282,486,52,7,25,0
1283,487,6,25,30,0
1284,487,30,25.89,15,0
1285,487,76,18,20,0
1286,488,61,28.5,20,0.1
1287,488,77,13,2,0.1
1288,489,65,21.05,40,0
1289,489,75,7.75,20,0
1290,490,13,6,4,0
1291,490,41,9.65,12,0
1292,491,16,17.45,3,0
1293,492,36,19,6,0
1294,492,52,7,18,0
1295,493,28,45.6,5,0.2
1296,493,35,18,35,0.2
1297,493,45,9.5,40,0.2
1298,493,56,38,14,0.2
1299,494,2,19,15,0.2
1300,495,3,10,20,0
1301,495,60,34,50,0
1302,495,72,34.8,35,0
1303,496,46,12,28,0.05
1304,497,40,18.4,50,0.2
1305,498,18,62.5,24,0
1306,498,44,19.45,16,0
1307,498,59,55,45,0
1308,498,72,34.8,7,0
1309,499,13,6,6,0
1310,499,42,14,28,0
1311,499,62,49.3,9,0
1312,499,69,36,40,0
1313,500,31,12.5,8,0
1314,500,41,9.65,35,0
1315,500,63,43.9,9,0
1316,500,69,36,30,0
1317,501,23,9,44,0
1318,501,40,18.4,40,0
1319,501,56,38,28,0
1320,502,56,38,15,0
1321,502,59,55,6,0
1322,502,76,18,10,0
1323,503,14,23.25,5,0.15
1324,503,45,9.5,40,0.15
1325,503,59,55,25,0.15
1326,504,26,31.23,12,0.1
1327,504,30,25.89,30,0
1328,504,50,16.25,20,0.1
1329,504,73,15,15,0
1330,505,1,18,8,0
1331,505,69,36,3,0
1332,506,45,9.5,4,0
1333,506,74,10,5,0
1334,507,40,18.4,3,0
1335,508,47,9.5,30,0.25
1336,508,56,38,30,0.25
1337,508,57,19.5,14,0.25
1338,508,69,36,25,0.25
1339,509,18,62.5,21,0.2
1340,509,36,19,20,0.2
1341,509,68,12.5,6,0.2
1342,509,69,36,20,0.2
1343,510,34,14,30,0
1344,510,59,55,7,0
1345,510,62,49.3,30,0
1346,510,64,33.25,24,0
1347,511,26,31.23,20,0
1348,511,52,7,60,0
1349,511,70,15,40,0
1350,512,32,32,10,0
1351,513,25,14,12,0.25
1352,513,27,43.9,40,0
1353,513,43,46,30,0.25
1354,514,25,14,35,0.25
1355,514,75,7.75,18,0
1356,515,39,18,16,0
1357,515,47,9.5,30,0
1358,515,51,53,28,0
1359,515,56,38,60,0
1360,516,21,10,40,0
1361,516,22,21,6,0
1362,516,24,4.5,20,0
1363,517,3,10,20,0.1
1364,517,39,18,130,0.1
1365,518,65,21.05,80,0.1
1366,519,2,19,40,0
1367,519,7,30,35,0
1368,519,68,12.5,40,0
1369,520,42,14,2,0
1370,521,22,21,4,0
1371,521,31,12.5,50,0
1372,521,60,34,15,0
1373,521,71,21.5,12,0
1374,522,41,9.65,30,0.05
1375,522,52,7,15,0.05
1376,522,61,28.5,20,0
1377,522,62,49.3,15,0
1378,523,11,21,15,0.25
1379,524,71,21.5,16,0
1380,525,29,123.79,18,0
1381,525,59,55,25,0
1382,526,17,39,33,0
1383,526,31,12.5,70,0.2
1384,526,75,7.75,7,0.2
1385,527,31,12.5,2,0.25
1386,527,66,17,50,0
1387,528,10,31,6,0
1388,528,67,14,3,0
1389,529,31,12.5,16,0.05
1390,529,42,14,12,0.05
1391,529,45,9.5,27,0.05
1392,529,51,53,120,0.05
1393,530,42,14,20,0.2
1394,531,41,9.65,10,0
1395,532,16,17.45,20,0
1396,532,62,49.3,20,0
1397,533,70,15,35,0
1398,533,77,13,15,0
1399,534,54,7.45,3,0.2
1400,534,56,38,20,0.2
1401,534,74,10,35,0
1402,535,31,12.5,1,0
1403,536,31,12.5,10,0
1404,536,38,263.5,5,0
1405,537,36,19,30,0
1406,537,39,18,2,0.15
1407,537,72,34.8,30,0.15
1408,538,10,31,10,0
1409,538,75,7.75,10,0
1410,539,8,40,30,0.2
1411,539,30,25.89,15,0.2
1412,539,75,7.75,42,0.2
1413,540,2,19,15,0.05
1414,540,29,123.79,20,0.05
1415,541,19,9.2,50,0.05
1416,541,75,7.75,40,0.05
1417,542,18,62.5,30,0
1418,542,35,18,15,0
1419,542,63,43.9,30,0
1420,542,68,12.5,18,0
1421,543,7,30,3,0.15
1422,543,56,38,20,0.15
1423,544,29,123.79,14,0.05
1424,544,41,9.65,20,0.05
1425,545,2,19,10,0
1426,545,54,7.45,3,0
1427,545,68,12.5,15,0
1428,546,41,9.65,14,0
1429,546,52,7,8,0
1430,547,14,23.25,15,0.2
1431,547,54,7.45,6,0.2
1432,548,16,17.45,65,0
1433,548,17,39,35,0.25
1434,549,26,31.23,21,0.2
1435,549,44,19.45,10,0
1436,549,64,33.25,35,0.2
1437,549,69,36,24,0.2
1438,550,11,21,20,0
1439,551,62,49.3,2,0
1440,551,72,34.8,10,0
1441,552,13,6,20,0.15
1442,552,24,4.5,20,0.15
1443,552,59,55,25,0
1444,553,11,21,50,0.1
1445,553,51,53,10,0.1
1446,553,54,7.45,7,0.1
1447,554,17,39,40,0.25
1448,554,29,123.79,20,0.25
1449,555,30,25.89,25,0.25
1450,555,51,53,30,0.25
1451,555,55,24,60,0.25
1452,555,62,49.3,5,0.25
1453,556,19,9.2,24,0.05
1454,556,25,14,15,0.05
1455,556,59,55,15,0.05
1456,557,10,31,36,0
1457,557,28,45.6,24,0
1458,557,49,20,4,0.15
1459,558,34,14,10,0
1460,558,38,263.5,10,0
1461,559,2,19,20,0.25
1462,559,65,21.05,2,0
1463,559,74,10,15,0.25
1464,560,40,18.4,1,0
1465,561,56,38,20,0.15
1466,561,76,18,50,0.15
1467,562,52,7,20,0
1468,563,13,6,7,0
1469,563,25,14,5,0
1470,563,70,15,5,0
1471,564,19,9.2,15,0
1472,564,23,9,18,0
1473,564,40,18.4,30,0
1474,565,31,12.5,16,0.1
1475,565,72,34.8,40,0.1
1476,565,77,13,20,0
1477,566,2,19,12,0.2
1478,566,46,12,35,0
1479,567,41,9.65,20,0
1480,567,43,46,20,0.15
1481,567,48,12.75,8,0.15
1482,567,61,28.5,30,0.15
1483,568,33,2.5,16,0
1484,569,38,263.5,30,0.05
1485,569,62,49.3,20,0.05
1486,570,26,31.23,40,0.15
1487,570,38,263.5,30,0
1488,570,40,18.4,60,0.15
1489,570,62,49.3,25,0.15
1490,571,32,32,20,0
1491,571,41,9.65,20,0
1492,572,43,46,7,0
1493,572,75,7.75,20,0
1494,573,56,38,30,0
1495,574,35,18,20,0
1496,574,51,53,6,0
1497,575,62,49.3,3,0
1498,575,70,15,6,0
1499,576,11,21,20,0.1
1500,576,57,19.5,15,0
1501,576,59,55,40,0.1
1502,576,77,13,15,0.1
1503,577,41,9.65,12,0
1504,577,70,15,9,0
1505,578,26,31.23,12,0
1506,578,53,32.8,20,0
1507,579,31,12.5,35,0
1508,579,57,19.5,15,0
1509,580,10,31,15,0
1510,580,39,18,21,0
1511,581,20,81,5,0
1512,581,38,263.5,2,0
1513,582,2,19,10,0
1514,582,8,40,20,0
1515,582,13,6,10,0
1516,582,60,34,21,0
1517,583,6,25,6,0
1518,583,39,18,28,0
1519,583,60,34,30,0
1520,583,68,12.5,24,0
1521,584,19,9.2,2,0
1522,584,35,18,8,0
1523,584,38,263.5,8,0
1524,584,43,46,9,0
1525,585,13,6,3,0.2
1526,585,25,14,10,0.2
1527,585,44,19.45,16,0.2
1528,585,64,33.25,3,0
1529,586,7,30,20,0.1
1530,586,31,12.5,9,0.1
1531,586,53,32.8,9,0.1
1532,587,29,123.79,8,0.05
1533,587,30,25.89,20,0.05
1534,588,59,55,15,0
1535,588,77,13,2,0.2
1536,589,22,21,52,0
1537,589,35,18,6,0
1538,589,57,19.5,24,0
1539,589,60,34,60,0
1540,589,64,33.25,30,0
1541,590,13,6,6,0
1542,590,40,18.4,25,0
1543,590,47,9.5,40,0.25
1544,590,76,18,21,0.25
1545,591,1,18,4,0.25
1546,591,18,62.5,25,0.25
1547,591,36,19,50,0.25
1548,592,58,13.25,30,0.1
1549,592,72,34.8,15,0.1
1550,593,25,14,6,0.2
1551,593,39,18,10,0.2
1552,594,10,31,16,0
1553,594,56,38,30,0
1554,594,59,55,50,0
1555,594,77,13,15,0
1556,595,11,21,15,0
1557,595,43,46,5,0
1558,595,68,12.5,20,0
1559,595,70,15,12,0
1560,596,51,53,4,0.25
1561,597,22,21,35,0
1562,598,23,9,70,0.1
1563,598,35,18,25,0.1
1564,598,42,14,42,0.1
1565,598,58,13.25,60,0.1
1566,598,64,33.25,48,0
1567,599,4,22,21,0
1568,599,70,15,30,0
1569,599,74,10,20,0
1570,600,1,18,80,0.2
1571,600,19,9.2,12,0.2
1572,600,37,26,60,0.2
1573,600,45,9.5,36,0.2
1574,600,60,34,45,0.2
1575,600,71,21.5,55,0.2
1576,601,5,21.35,30,0
1577,601,9,97,3,0
1578,602,3,10,49,0
1579,602,26,31.23,18,0.15
1580,603,25,14,20,0.15
1581,603,33,2.5,4,0.15
1582,603,70,15,30,0.15
1583,604,2,19,5,0.05
1584,604,25,14,10,0.05
1585,604,57,19.5,10,0.05
1586,604,59,55,42,0.05
1587,605,2,19,15,0
1588,605,17,39,6,0
1589,605,62,49.3,50,0
1590,606,18,62.5,10,0
1591,607,10,31,100,0.15
1592,607,13,6,65,0.15
1593,608,16,17.45,50,0
1594,608,31,12.5,14,0
1595,608,56,38,24,0
1596,608,65,21.05,15,0.15
1597,609,2,19,20,0
1598,609,42,14,20,0
1599,610,3,10,30,0
1600,610,26,31.23,35,0.25
1601,610,29,123.79,10,0.25
1602,611,7,30,5,0
1603,611,27,43.9,10,0
1604,611,70,15,4,0
1605,612,24,4.5,40,0.25
1606,612,54,7.45,35,0.25
1607,612,64,33.25,30,0.25
1608,613,51,53,3,0
1609,613,76,18,20,0
1610,614,17,39,42,0
1611,614,18,62.5,20,0
1612,614,21,10,40,0
1613,614,33,2.5,35,0
1614,614,62,49.3,3,0
1615,615,11,21,25,0
1616,615,52,7,8,0
1617,616,1,18,20,0.15
1618,616,58,13.25,12,0.15
1619,617,35,18,4,0
1620,617,67,14,15,0
1621,618,38,263.5,60,0.05
1622,618,39,18,80,0.05
1623,619,2,19,21,0.25
1624,619,24,4.5,6,0.25
1625,619,30,25.89,40,0.25
1626,620,53,32.8,3,0
1627,621,26,31.23,20,0
1628,621,35,18,30,0
1629,621,49,20,42,0.1
1630,622,1,18,40,0
1631,622,11,21,10,0
1632,622,23,9,50,0
1633,622,68,12.5,20,0
1634,623,35,18,3,0
1635,623,51,53,2,0
1636,624,6,25,50,0.05
1637,624,16,17.45,12,0.05
1638,624,17,39,16,0.05
1639,625,55,24,10,0.05
1640,625,62,49.3,20,0.05
1641,625,64,33.25,15,0.05
1642,625,65,21.05,21,0.05
1643,626,21,10,20,0
1644,626,28,45.6,3,0
1645,627,10,31,10,0
1646,628,19,9.2,25,0
1647,628,47,9.5,21,0.1
1648,628,49,20,15,0
1649,629,46,12,21,0
1650,629,64,33.25,20,0
1651,630,16,17.45,30,0.25
1652,630,18,62.5,25,0
1653,631,20,81,20,0.05
1654,632,40,18.4,12,0
1655,632,65,21.05,10,0
1656,632,76,18,10,0
1657,633,23,9,30,0.2
1658,633,61,28.5,30,0.2
1659,633,70,15,50,0.2
1660,634,73,15,10,0
1661,635,42,14,25,0
1662,635,49,20,20,0.15
1663,635,54,7.45,32,0.15
1664,636,24,4.5,8,0
1665,637,21,10,40,0.05
1666,637,56,38,21,0.05
1667,637,65,21.05,12,0.05
1668,638,2,19,20,0
1669,638,24,4.5,12,0
1670,638,70,15,30,0
1671,638,77,13,25,0
1672,639,10,31,70,0
1673,639,31,12.5,35,0
1674,639,77,13,40,0
1675,640,25,14,5,0
1676,641,2,19,20,0
1677,641,68,12.5,18,0
1678,642,11,21,40,0
1679,642,38,263.5,40,0
1680,643,17,39,15,0
1681,643,34,14,10,0
1682,643,41,9.65,14,0
1683,644,30,25.89,15,0.05
1684,645,59,55,40,0.05
1685,646,8,40,30,0
1686,646,24,4.5,10,0
1687,646,29,123.79,24,0
1688,646,30,25.89,35,0
1689,646,36,19,20,0
1690,647,13,6,28,0.05
1691,647,69,36,50,0.05
1692,647,75,7.75,120,0.05
1693,648,24,4.5,110,0
1694,648,39,18,45,0
1695,648,40,18.4,91,0
1696,648,60,34,100,0
1697,649,45,9.5,15,0
1698,649,56,38,16,0
1699,650,29,123.79,80,0
1700,650,30,25.89,36,0
1701,651,13,6,5,0
1702,652,39,18,8,0.15
1703,653,70,15,3,0.25
1704,654,41,9.65,30,0
1705,654,71,21.5,30,0
1706,655,55,24,30,0.15
1707,655,62,49.3,6,0.15
1708,656,13,6,40,0
1709,656,65,21.05,21,0
1710,656,68,12.5,20,0
1711,657,58,13.25,15,0
1712,657,62,49.3,35,0
1713,658,1,18,20,0.05
1714,659,61,28.5,15,0
1715,660,75,7.75,14,0
1716,661,7,30,20,0.05
1717,661,52,7,14,0.05
1718,662,7,30,12,0
1719,662,16,17.45,15,0
1720,662,41,9.65,5,0
1721,663,19,9.2,12,0
1722,663,49,20,10,0
1723,663,61,28.5,5,0
1724,664,1,18,10,0
1725,664,17,39,12,0
1726,664,67,14,15,0
1727,665,11,21,40,0.25
1728,665,29,123.79,60,0.25
1729,666,4,22,30,0.25
1730,666,33,2.5,40,0.25
1731,666,58,13.25,15,0
1732,667,71,21.5,25,0
1733,668,17,39,10,0
1734,668,33,2.5,30,0
1735,668,54,7.45,10,0
1736,669,16,17.45,6,0
1737,669,32,32,6,0
1738,669,57,19.5,20,0
1739,670,30,25.89,1,0
1740,670,60,34,10,0
1741,671,1,18,60,0.25
1742,671,60,34,25,0.25
1743,672,16,17.45,24,0
1744,672,25,14,24,0
1745,672,40,18.4,20,0
1746,673,50,16.25,24,0
1747,674,35,18,10,0
1748,674,63,43.9,40,0
1749,675,17,39,15,0
1750,675,24,4.5,35,0
1751,676,42,14,10,0.2
1752,676,43,46,10,0.2
1753,676,67,14,24,0.2
1754,677,10,31,20,0.1
1755,677,28,45.6,30,0.1
1756,677,75,7.75,6,0
1757,678,36,19,25,0.15
1758,678,52,7,12,0.15
1759,679,11,21,2,0
1760,679,13,6,10,0
1761,679,19,9.2,7,0
1762,679,72,34.8,10,0
1763,680,20,81,5,0
1764,680,52,7,5,0
1765,680,76,18,20,0
1766,681,47,9.5,5,0
1767,681,76,18,5,0
1768,682,21,10,60,0
1769,682,75,7.75,49,0
1770,682,77,13,15,0
1771,683,21,10,36,0
1772,683,27,43.9,25,0
1773,683,55,24,25,0.2
1774,683,58,13.25,30,0.2
1775,684,13,6,42,0.15
1776,684,57,19.5,30,0
1777,685,16,17.45,30,0.1
1778,685,62,49.3,14,0.1
1779,685,72,34.8,16,0
1780,685,75,7.75,20,0.1
1781,686,53,32.8,2,0
1782,686,61,28.5,30,0
1783,687,6,25,20,0
1784,688,1,18,21,0
1785,688,18,62.5,4,0.25
1786,688,23,9,8,0.25
1787,689,36,19,30,0.2
1788,690,28,45.6,8,0
1789,690,34,14,20,0
1790,691,13,6,20,0.25
1791,691,43,46,24,0.25
1792,691,60,34,49,0.25
1793,691,71,21.5,35,0.25
1794,692,2,19,10,0.15
1795,692,67,14,40,0.15
1796,693,7,30,8,0
1797,693,13,6,20,0
1798,694,31,12.5,44,0.25
1799,694,62,49.3,30,0.25
1800,694,68,12.5,80,0.25
1801,694,72,34.8,50,0
1802,695,49,20,28,0
1803,696,13,6,15,0
1804,696,22,21,21,0
1805,696,46,12,15,0
1806,697,11,21,5,0.25
1807,697,44,19.45,18,0.25
1808,697,56,38,18,0
1809,698,13,6,20,0
1810,698,31,12.5,10,0
1811,699,10,31,25,0
1812,699,24,4.5,25,0
1813,699,77,13,40,0
1814,700,59,55,4,0
1815,701,50,16.25,9,0
1816,701,51,53,40,0
1817,701,55,24,4,0
1818,702,6,25,12,0
1819,702,10,31,30,0
1820,702,17,39,6,0
1821,702,62,49.3,60,0
1822,703,4,22,5,0
1823,704,33,2.5,15,0.05
1824,704,41,9.65,6,0.05
1825,704,75,7.75,50,0.05
1826,705,6,25,16,0.05
1827,705,28,45.6,2,0
1828,706,20,81,50,0.05
1829,706,31,12.5,50,0.05
1830,707,16,17.45,28,0.15
1831,707,31,12.5,25,0.15
1832,707,45,9.5,30,0
1833,707,60,34,24,0.15
1834,708,75,7.75,12,0.2
1835,709,21,10,12,0
1836,709,47,9.5,14,0
1837,709,51,53,8,0
1838,710,30,25.89,30,0
1839,710,35,18,40,0
1840,710,64,33.25,8,0
1841,711,5,21.35,20,0
1842,711,7,30,6,0
1843,711,72,34.8,5,0
1844,712,75,7.75,20,0.15
1845,713,24,4.5,10,0.25
1846,713,41,9.65,24,0
1847,714,52,7,6,0.05
1848,714,76,18,60,0
1849,715,7,30,45,0
1850,715,13,6,77,0
1851,715,53,32.8,20,0
1852,715,69,36,9,0
1853,715,76,18,44,0
1854,716,60,34,2,0.15
1855,717,18,62.5,6,0
1856,717,38,263.5,5,0
1857,717,69,36,10,0
1858,718,51,53,16,0
1859,719,37,26,8,0
1860,719,56,38,12,0.15
1861,719,62,49.3,12,0.15
1862,720,19,9.2,12,0
1863,720,49,20,40,0
1864,721,12,38,30,0
1865,721,24,4.5,30,0
1866,721,64,33.25,4,0
1867,722,46,12,9,0
1868,723,52,7,40,0.2
1869,724,29,123.79,14,0
1870,725,17,39,6,0
1871,725,33,2.5,7,0
1872,726,26,31.23,5,0
1873,726,41,9.65,6,0
1874,726,75,7.75,10,0
1875,727,63,43.9,10,0
1876,728,8,40,16,0
1877,728,75,7.75,10,0
1878,729,28,45.6,20,0
1879,730,39,18,30,0
1880,730,47,9.5,30,0
1881,730,51,53,10,0
1882,730,63,43.9,20,0
1883,731,8,40,20,0.15
1884,731,21,10,40,0.15
1885,731,40,18.4,10,0
1886,731,44,19.45,6,0.15
1887,732,7,30,18,0
1888,732,12,38,20,0
1889,732,24,4.5,80,0
1890,732,27,43.9,30,0
1891,732,31,12.5,24,0
1892,732,63,43.9,35,0
1893,733,75,7.75,40,0.2
1894,734,38,263.5,60,0
1895,735,7,30,20,0
1896,735,43,46,9,0
1897,736,13,6,84,0.15
1898,736,57,19.5,15,0
1899,737,16,17.45,55,0
1900,737,24,4.5,20,0
1901,737,36,19,40,0
1902,738,16,17.45,36,0.1
1903,738,18,62.5,8,0.1
1904,738,32,32,35,0.1
1905,739,11,21,30,0
1906,739,20,81,15,0
1907,739,76,18,10,0
1908,739,77,13,15,0
1909,740,7,30,60,0
1910,740,43,46,6,0
1911,740,72,34.8,20,0
1912,741,7,30,60,0
1913,741,62,49.3,40,0.1
1914,742,6,25,40,0
1915,742,11,21,15,0
1916,742,41,9.65,4,0
1917,743,21,10,65,0
1918,743,34,14,60,0.15
1919,743,55,24,65,0.15
1920,743,61,28.5,66,0.15
1921,744,2,19,50,0.2
1922,744,70,15,20,0.2
1923,744,76,18,90,0.2
1924,745,72,34.8,2,0
1925,746,29,123.79,50,0.25
1926,746,41,9.65,35,0.25
1927,747,59,55,18,0.05
1928,748,51,53,20,0
1929,748,60,34,4,0
1930,749,42,14,40,0
1931,750,32,32,50,0
1932,750,46,12,20,0.25
1933,750,52,7,20,0.25
1934,751,24,4.5,12,0
1935,751,61,28.5,7,0
1936,751,74,10,20,0
1937,751,75,7.75,30,0
1938,752,41,9.65,20,0.05
1939,752,51,53,15,0.05
1940,752,77,13,21,0.05
1941,753,4,22,25,0.25
1942,753,24,4.5,30,0.25
1943,753,77,13,30,0
1944,754,7,30,60,0
1945,754,22,21,25,0
1946,754,46,12,25,0
1947,754,55,24,6,0
1948,755,13,6,56,0
1949,755,35,18,15,0.15
1950,755,42,14,24,0.15
1951,755,55,24,40,0
1952,756,1,18,4,0
1953,756,40,18.4,10,0
1954,756,52,7,10,0
1955,757,26,31.23,6,0
1956,757,76,18,6,0
1957,758,1,18,2,0
1958,758,59,55,10,0
1959,759,1,18,8,0
1960,759,29,123.79,2,0.25
1961,760,8,40,30,0
1962,760,29,123.79,10,0
1963,760,42,14,14,0
1964,761,28,45.6,70,0.05
1965,761,34,14,90,0.05
1966,761,71,21.5,21,0
1967,762,24,4.5,12,0
1968,762,36,19,18,0.25
1969,762,60,34,9,0
1970,763,7,30,20,0
1971,763,24,4.5,10,0
1972,764,58,13.25,40,0.05
1973,764,71,21.5,20,0
1974,765,19,9.2,50,0.05
1975,765,60,34,36,0.05
1976,765,71,21.5,60,0.05
1977,766,23,9,10,0
1978,766,42,14,4,0
1979,766,45,9.5,20,0
1980,766,68,12.5,2,0
1981,767,41,9.65,28,0.1
1982,768,30,25.89,15,0
1983,768,77,13,18,0
1984,769,31,12.5,15,0
1985,769,36,19,16,0
1986,770,3,10,25,0
1987,770,59,55,110,0
1988,770,70,15,30,0
1989,771,12,38,20,0
1990,771,18,62.5,10,0
1991,771,56,38,5,0
1992,772,46,12,3,0
1993,772,49,20,2,0
1994,773,10,31,24,0.15
1995,774,2,19,11,0.25
1996,774,20,81,15,0
1997,774,26,31.23,63,0
1998,774,51,53,44,0.25
1999,774,72,34.8,35,0
2000,775,19,9.2,35,0
2001,775,69,36,30,0
2002,776,7,30,4,0
2003,776,43,46,30,0
2004,777,26,31.23,12,0
2005,777,33,2.5,30,0
2006,777,65,21.05,21,0
2007,777,71,21.5,50,0
2008,778,1,18,10,0.1
2009,778,13,6,20,0.1
2010,779,18,62.5,8,0
2011,779,51,53,10,0
2012,780,24,4.5,30,0.25
2013,780,62,49.3,21,0.25
2014,781,55,24,35,0
2015,781,59,55,24,0
2016,782,56,38,20,0
2017,782,63,43.9,12,0
2018,783,2,19,100,0.25
2019,783,5,21.35,70,0
2020,783,29,123.79,60,0.25
2021,783,59,55,100,0.25
2022,784,1,18,45,0
2023,784,13,6,80,0
2024,784,24,4.5,21,0
2025,784,64,33.25,20,0
2026,784,71,21.5,16,0
2027,785,36,19,35,0
2028,785,38,263.5,25,0
2029,785,59,55,30,0
2030,786,53,32.8,70,0.1
2031,786,69,36,36,0.1
2032,787,21,10,15,0.1
2033,787,44,19.45,12,0
2034,787,61,28.5,6,0
2035,788,1,18,10,0
2036,788,35,18,60,0
2037,788,42,14,30,0
2038,788,54,7.45,10,0
2039,789,13,6,7,0
2040,789,59,55,30,0
2041,790,70,15,4,0
2042,791,40,18.4,5,0.2
2043,791,52,7,2,0
2044,791,71,21.5,30,0
2045,792,28,45.6,20,0
2046,792,35,18,24,0
2047,792,49,20,60,0
2048,792,57,19.5,28,0
2049,793,21,10,20,0
2050,794,2,19,30,0.2
2051,794,63,43.9,30,0
2052,795,44,19.45,15,0
2053,795,61,28.5,4,0
2054,796,11,21,10,0
2055,797,62,49.3,12,0
2056,798,33,2.5,15,0
2057,798,51,53,24,0
2058,799,12,38,20,0.05
2059,799,32,32,15,0.05
2060,799,35,18,18,0.05
2061,800,1,18,25,0.25
2062,800,5,21.35,30,0.25
2063,801,68,12.5,42,0
2064,802,2,19,10,0.2
2065,802,12,38,4,0.2
2066,803,76,18,50,0.1
2067,804,24,4.5,10,0.2
2068,805,43,46,30,0.2
2069,805,61,28.5,10,0.2
2070,806,18,62.5,35,0.2
2071,806,32,32,20,0
2072,806,64,33.25,25,0.2
2073,807,33,2.5,10,0
2074,807,67,14,20,0
2075,808,24,4.5,15,0
2076,808,25,14,15,0
2077,808,51,53,20,0
2078,808,57,19.5,20,0
2079,809,7,30,40,0
2080,809,55,24,35,0
2081,809,60,34,50,0
2082,810,70,15,3,0
2083,811,21,10,3,0
2084,811,60,34,21,0
2085,811,61,28.5,4,0
2086,812,13,6,30,0
2087,812,17,39,12,0
2088,812,60,34,35,0
2089,813,60,34,4,0
2090,813,77,13,10,0
2091,814,60,34,15,0
2092,815,53,32.8,10,0.2
2093,815,70,15,12,0.2
2094,816,34,14,30,0
2095,816,40,18.4,40,0.1
2096,816,41,9.65,30,0.1
2097,817,17,39,77,0.1
2098,817,41,9.65,12,0
2099,817,53,32.8,25,0.1
2100,817,55,24,4,0.1
2101,817,68,12.5,55,0
2102,818,30,25.89,4,0.25
2103,818,54,7.45,20,0.25
2104,819,16,17.45,3,0
2105,819,19,9.2,42,0
2106,819,34,14,35,0
2107,820,41,9.65,9,0
2108,821,28,45.6,8,0.15
2109,821,43,46,36,0.15
2110,821,77,13,28,0.15
2111,822,39,18,20,0
2112,823,1,18,40,0.15
2113,823,2,19,20,0.15
2114,823,16,17.45,30,0.15
2115,823,31,12.5,20,0
2116,824,7,30,15,0.05
2117,824,13,6,10,0.05
2118,825,2,19,8,0
2119,825,41,9.65,40,0
2120,825,50,16.25,22,0
2121,825,64,33.25,130,0
2122,826,11,21,10,0
2123,826,24,4.5,20,0
2124,827,16,17.45,14,0.05
2125,828,2,19,10,0.15
2126,828,46,12,30,0.15
2127,828,76,18,2,0.15
2128,829,6,25,20,0.25
2129,829,14,23.25,20,0.25
2130,829,19,9.2,10,0.25
2131,830,2,19,24,0.2
2132,830,3,10,4,0
2133,830,4,22,1,0
2134,830,6,25,1,0.02
2135,830,7,30,1,0.05
2136,830,8,40,2,0.1
2137,830,10,31,1,0
2138,830,12,38,2,0.05
2139,830,13,6,4,0
2140,830,14,23.25,1,0.03
2141,830,16,17.45,2,0.03
2142,830,20,81,1,0.04
2143,830,23,9,2,0
2144,830,32,32,1,0
2145,830,39,18,2,0.05
2146,830,41,9.65,3,0
2147,830,46,12,3,0.02
2148,830,52,7,2,0
2149,830,55,24,2,0
2150,830,60,34,2,0.06
2151,830,64,33.25,2,0.03
2152,830,66,17,1,0
2153,830,73,15,2,0.01
2154,830,75,7.75,4,0
2155,830,77,13,2,0
